iter,phase,J,gnorm,time
0,initial,2.0151860838383880e-02,NaN,0.0000000000000000e+00
1,Fminbox-LBFGS-final,1.7992328442185100e-03,NaN,1.6448518145660000e+03
