iter,phase,J,gnorm,time
0,initial,6.4870389268674314e-03,NaN,0.0000000000000000e+00
1,Fminbox-LBFGS-final,8.0921462732228233e-05,NaN,1.1973485832070000e+03
