iter,phase,J,gnorm,time
0,initial,6.4568808829192342e-03,NaN,0.0000000000000000e+00
1,Fminbox-LBFGS-final,8.2778819417913161e-05,NaN,1.9448188892380001e+03
