iter,phase,J,gnorm,time
0,initial,7.2142820993385580e-03,NaN,0.0000000000000000e+00
1,Fminbox-LBFGS-final,4.6578595466450617e-04,NaN,2.1870156400330002e+03
