iter,phase,J,gnorm,time
0,initial,6.2027822329917739e-03,NaN,0.0000000000000000e+00
1,Fminbox-LBFGS-final,1.0066540726316964e-04,NaN,2.9038420974209998e+03
