iter,phase,J,gnorm,time
0,initial,6.5884599563572864e-03,NaN,0.0000000000000000e+00
1,Fminbox-LBFGS-final,3.9481098686195749e-04,NaN,1.6492264560320000e+03
